<?xml version="1.0" encoding="utf-8"?>
<!DOCTYPE hibernate-mapping PUBLIC 
 "-//Hibernate/Hibernate Mapping DTD//EN"
 "http://www.hibernate.org/dtd/hibernate-mapping-3.0.dtd"> 
<hibernate-mapping>
   <class name="com.simpli.hibernate.entity.Patients" table="Patients">
      <meta attribute="class-description">
         This class contains the patient detail. 
      </meta>
      <id name="Id" type="int" column="Id">
         <generator class="native"/>
      </id>
      <property name="Name" column="Name" type="string"/>
      <property name="Age" column="Age" type="int"/> 
      <property name="Email" column="Email" type="string"/>
      <property name="Phone" column="Phone" type="int"/>
      <property name="Diagnosis" column="Diagnosis" type="string"/>
      <property name="Remark" column="Remark" type="string"/>
      <property name="Gender" column="Gender" type="string"/>
   </class>
</hibernate-mapping>