<?xml version="1.0" encoding="utf-8"?>
<!DOCTYPE hibernate-mapping PUBLIC 
 "-//Hibernate/Hibernate Mapping DTD//EN"
 "http://www.hibernate.org/dtd/hibernate-mapping-3.0.dtd"> 
<hibernate-mapping>
   <class name="com.simpli.hibernate.entity.vital" table="vital">
      <meta attribute="class-description">
         This class contains the patient detail. 
      </meta>
      <id name="V_id" type="int" column="V_id">
         <generator class="native"/>
      </id>
      <property name="Name" column="Name" type="string"/>
      <property name="Phone" column="Phone" type="int"/>      
      <property name="BP_Low" column="BP_Low" type="int"/>
      <property name="BP_High" column="BP_High" type="int"/>
      <property name="SPO2" column="SPO2" type="int"/>
      <property name="Recorded_On" column="Recorded_On" type="string"/>
   </class>
</hibernate-mapping>