<?xml version='1.0' encoding='utf-8'?>
<!DOCTYPE hibernate-configuration PUBLIC
    "-//Hibernate/Hibernate Configuration DTD//EN"
    "http://hibernate.sourceforge.net/hibernate-configuration-3.0.dtd">
 
<hibernate-configuration>
        <session-factory>
               <property name="hibernate.connection.url">
                   jdbc:mysql://localhost:3306/healthlogger
               </property>
               <property name="hibernate.connection.username">
                   root
               </property>
               <property name="hibernate.connection.password">
                   Dhup#18441844
               </property>
               <property name="dialect">org.hibernate.dialect.MySQLDialect</property>
 
               <property name="show_sql">true</property>
  
               <property name="hibernate.connection.driver_class">
                  com.mysql.cj.jdbc.Driver
               </property>
               <mapping resource="com/simpli/hibernate/entity/patient-mapping.hbm.xml" />
               <mapping resource="com/simpli/hibernate/entity/vital-mapping.hbm.xml" />
        </session-factory>
</hibernate-configuration>